Title,Genre,Summary,Rating,Keywords
The Ironclad Promise,Drama,A man imprisoned for a crime he didn’t commit finds hope through friendship.,9.3,"inspiring, hopeful, friendship"
Dreamshapers,Sci-Fi,A thief who steals corporate secrets through dreams takes on one last mission.,8.8,"mind-bending, thrilling, adventurous"
Kingdom of the Cubs,Animation,A young lion prince flees his kingdom before returning to reclaim his throne.,8.5,"nostalgic, heartwarming, family"
Horizons Beyond,Sci-Fi,Explorers travel through a wormhole in space in an attempt to ensure humanity’s survival.,8.6,"adventurous, emotional, epic"
Running Through Time,Drama,The life story of a kind-hearted man who influences history with his simple wisdom.,8.8,"nostalgic, emotional, inspiring"
The Midnight Crusader,Action,A masked vigilante faces off against a criminal mastermind bringing chaos to the city.,9,"thrilling, dark, heroic"
Echoes of the Ancestors,Animation,A young boy discovers his family’s history in the Land of Memories.,8.4,"nostalgic, family, emotional"
Legends United,Action,Earth’s mightiest heroes must come together to stop an alien invasion.,8,"action-packed, heroic, adventurous"
Mindscapes,Animation,A young girl navigates life’s challenges with the help of her emotions.,8.1,"emotional, family, uplifting"
Chasing Tomorrow,Drama,A struggling salesman takes custody of his son and works for a better future.,8,"inspiring, emotional, hopeful"
Starlight Renegades,Sci-Fi,A group of intergalactic misfits must save the galaxy from destruction.,8,"fun, adventurous, action-packed"
Waves of Forever,Romance,A young couple falls in love aboard an ill-fated luxury ship.,7.9,"romantic, emotional, nostalgic"
Ocean Quest,Animation,A clownfish sets out across the ocean to find his missing son.,8.1,"family, adventurous, heartwarming"
The Painted Smile,Drama,A man battling mental illness transforms into a notorious villain.,8.4,"dark, emotional, intense"
Skybound Journey,Animation,An old man and a young boy embark on an adventure with a flying house.,8.3,"heartwarming, adventurous, emotional"
Virtual Rebellion,Sci-Fi,A hacker learns the truth about reality and joins the fight against a machine-controlled world.,8.7,"mind-bending, thrilling, action-packed"
City of Stars,Musical,An aspiring actress and a jazz musician pursue their dreams in Los Angeles.,8,"romantic, inspiring, emotional"
Final Stand,Action,A team of heroes unites for one last battle against a cosmic warlord.,8.4,"epic, emotional, heroic"
Second Chances,Animation,A musician discovers the true meaning of life after a near-death experience.,8.1,"inspiring, uplifting, emotional"
The Fallen General,Action,A Roman general seeks revenge after betrayal and tragedy.,8.5,"intense, heroic, emotional"
Iron Vengeance,Action,"Arnild Steel leads a mission to dismantle a global arms cartel, unleashing his action-packed fury.",8.7,"explosive, heroic, intense"
Dragon’s Fury,Action,Jackee Strike battles through underground fight rings to save her kidnapped mentor.,8.5,"martial arts, thrilling, powerful"
Starlight Dreams,Drama,Raj Star portrays a young man who overcomes poverty to become a cultural icon.,8.6,"inspiring, emotional, cinematic"
Cyber Shadow,Sci-Fi,Arnild Steel joins forces with Jackee Strike in a future war against rogue AI overlords.,8.4,"futuristic, action-packed, adventurous"
The Eternal Stage,Musical,Raj Star brings to life the journey of a musician chasing immortality through his songs.,8.2,"musical, emotional, inspiring"